{
    "name": "root",
    "gauges": {
        "PadBehavior.Policy.Entropy.mean": {
            "value": 1.4355146884918213,
            "min": 1.4284354448318481,
            "max": 1.4355146884918213,
            "count": 2
        },
        "PadBehavior.Policy.Entropy.sum": {
            "value": 14363.759765625,
            "min": 14307.208984375,
            "max": 14363.759765625,
            "count": 2
        },
        "PadBehavior.Environment.EpisodeLength.mean": {
            "value": 24.664102564102564,
            "min": 22.816666666666666,
            "max": 24.664102564102564,
            "count": 2
        },
        "PadBehavior.Environment.EpisodeLength.sum": {
            "value": 9619.0,
            "min": 9583.0,
            "max": 9619.0,
            "count": 2
        },
        "PadBehavior.Step.mean": {
            "value": 19986.0,
            "min": 9987.0,
            "max": 19986.0,
            "count": 2
        },
        "PadBehavior.Step.sum": {
            "value": 19986.0,
            "min": 9987.0,
            "max": 19986.0,
            "count": 2
        },
        "PadBehavior.Policy.ExtrinsicValueEstimate.mean": {
            "value": 0.09967103600502014,
            "min": 0.09967103600502014,
            "max": 0.2036651223897934,
            "count": 2
        },
        "PadBehavior.Policy.ExtrinsicValueEstimate.sum": {
            "value": 42.16084671020508,
            "min": 42.16084671020508,
            "max": 89.61265563964844,
            "count": 2
        },
        "PadBehavior.Environment.CumulativeReward.mean": {
            "value": 0.06615385283262301,
            "min": 0.06539380127177317,
            "max": 0.06615385283262301,
            "count": 2
        },
        "PadBehavior.Environment.CumulativeReward.sum": {
            "value": 25.800002604722977,
            "min": 25.800002604722977,
            "max": 27.400002732872963,
            "count": 2
        },
        "PadBehavior.Policy.ExtrinsicReward.mean": {
            "value": 0.06615385283262301,
            "min": 0.06539380127177317,
            "max": 0.06615385283262301,
            "count": 2
        },
        "PadBehavior.Policy.ExtrinsicReward.sum": {
            "value": 25.800002604722977,
            "min": 25.800002604722977,
            "max": 27.400002732872963,
            "count": 2
        },
        "PadBehavior.Losses.PolicyLoss.mean": {
            "value": 0.24379502957729257,
            "min": 0.24379502957729257,
            "max": 0.2442590745262792,
            "count": 2
        },
        "PadBehavior.Losses.PolicyLoss.sum": {
            "value": 20.96637254364716,
            "min": 20.029244111154895,
            "max": 20.96637254364716,
            "count": 2
        },
        "PadBehavior.Losses.ValueLoss.mean": {
            "value": 0.4690959652068923,
            "min": 0.4690959652068923,
            "max": 0.7002227149272675,
            "count": 2
        },
        "PadBehavior.Losses.ValueLoss.sum": {
            "value": 40.342253007792735,
            "min": 40.342253007792735,
            "max": 57.41826262403593,
            "count": 2
        },
        "PadBehavior.Policy.LearningRate.mean": {
            "value": 7.557687713331393e-05,
            "min": 7.557687713331393e-05,
            "max": 0.00022581587838658532,
            "count": 2
        },
        "PadBehavior.Policy.LearningRate.sum": {
            "value": 0.006499611433464999,
            "min": 0.006499611433464999,
            "max": 0.018516902027699997,
            "count": 2
        },
        "PadBehavior.Policy.Epsilon.mean": {
            "value": 0.12519226744186046,
            "min": 0.12519226744186046,
            "max": 0.1752719512195122,
            "count": 2
        },
        "PadBehavior.Policy.Epsilon.sum": {
            "value": 10.766535,
            "min": 10.766535,
            "max": 14.372300000000001,
            "count": 2
        },
        "PadBehavior.Policy.Beta.mean": {
            "value": 0.0005000000000000001,
            "min": 0.0005000000000000001,
            "max": 0.0005000000000000001,
            "count": 2
        },
        "PadBehavior.Policy.Beta.sum": {
            "value": 0.04300000000000001,
            "min": 0.04100000000000001,
            "max": 0.04300000000000001,
            "count": 2
        },
        "PadBehavior.IsTraining.mean": {
            "value": 1.0,
            "min": 1.0,
            "max": 1.0,
            "count": 2
        },
        "PadBehavior.IsTraining.sum": {
            "value": 1.0,
            "min": 1.0,
            "max": 1.0,
            "count": 2
        }
    },
    "metadata": {
        "timer_format_version": "0.1.0",
        "start_time_seconds": "1763955049",
        "python_version": "3.10.11 (tags/v3.10.11:7d4cc5a, Apr  5 2023, 00:38:17) [MSC v.1929 64 bit (AMD64)]",
        "command_line_arguments": "C:\\Users\\jaimi\\AppData\\Local\\Programs\\Python\\Python310\\Scripts\\mlagents-learn Pad.yaml --run-id=Pad21",
        "mlagents_version": "1.1.0",
        "mlagents_envs_version": "1.1.0",
        "communication_protocol_version": "1.5.0",
        "pytorch_version": "2.7.0+cu128",
        "numpy_version": "1.23.5",
        "end_time_seconds": "1763955289"
    },
    "total": 240.31847410000046,
    "count": 1,
    "self": 0.006300799999735318,
    "children": {
        "run_training.setup": {
            "total": 0.061954400000104215,
            "count": 1,
            "self": 0.061954400000104215
        },
        "TrainerController.start_learning": {
            "total": 240.25021890000062,
            "count": 1,
            "self": 0.1124621001581545,
            "children": {
                "TrainerController._reset_env": {
                    "total": 10.101846300000034,
                    "count": 1,
                    "self": 10.101846300000034
                },
                "TrainerController.advance": {
                    "total": 229.92649049984902,
                    "count": 10663,
                    "self": 0.10669689992209896,
                    "children": {
                        "env_step": {
                            "total": 180.14042040011554,
                            "count": 10663,
                            "self": 164.0465229995243,
                            "children": {
                                "SubprocessEnvManager._take_step": {
                                    "total": 16.02158500022051,
                                    "count": 10663,
                                    "self": 0.3236942004368757,
                                    "children": {
                                        "TorchPolicy.evaluate": {
                                            "total": 15.697890799783636,
                                            "count": 10011,
                                            "self": 15.697890799783636
                                        }
                                    }
                                },
                                "workers": {
                                    "total": 0.07231240037071984,
                                    "count": 10663,
                                    "self": 0.0,
                                    "children": {
                                        "worker_root": {
                                            "total": 231.51178199995775,
                                            "count": 10663,
                                            "is_parallel": true,
                                            "self": 73.29414649998216,
                                            "children": {
                                                "steps_from_proto": {
                                                    "total": 0.0008746000021346845,
                                                    "count": 1,
                                                    "is_parallel": true,