{
    "name": "root",
    "gauges": {
        "PadBehavior.Policy.Entropy.mean": {
            "value": 1.3941930532455444,
            "min": 1.3941930532455444,
            "max": 1.4176632165908813,
            "count": 2
        },
        "PadBehavior.Policy.Entropy.sum": {
            "value": 13936.353515625,
            "min": 13936.353515625,
            "max": 14216.326171875,
            "count": 2
        },
        "PadBehavior.Environment.EpisodeLength.mean": {
            "value": 21.631221719457013,
            "min": 20.94956140350877,
            "max": 21.631221719457013,
            "count": 2
        },
        "PadBehavior.Environment.EpisodeLength.sum": {
            "value": 9561.0,
            "min": 9553.0,
            "max": 9561.0,
            "count": 2
        },
        "PadBehavior.Step.mean": {
            "value": 19979.0,
            "min": 9962.0,
            "max": 19979.0,
            "count": 2
        },
        "PadBehavior.Step.sum": {
            "value": 19979.0,
            "min": 9962.0,
            "max": 19979.0,
            "count": 2
        },
        "PadBehavior.Policy.ExtrinsicValueEstimate.mean": {
            "value": 0.04949848726391792,
            "min": 0.04949848726391792,
            "max": 0.1970718950033188,
            "count": 2
        },
        "PadBehavior.Policy.ExtrinsicValueEstimate.sum": {
            "value": 23.21479034423828,
            "min": 23.21479034423828,
            "max": 94.0032958984375,
            "count": 2
        },
        "PadBehavior.Environment.CumulativeReward.mean": {
            "value": 0.047963805193275345,
            "min": 0.047963805193275345,
            "max": 0.07164835802146367,
            "count": 2
        },
        "PadBehavior.Environment.CumulativeReward.sum": {
            "value": 21.200001895427704,
            "min": 21.200001895427704,
            "max": 32.60000289976597,
            "count": 2
        },
        "PadBehavior.Policy.ExtrinsicReward.mean": {
            "value": 0.047963805193275345,
            "min": 0.047963805193275345,
            "max": 0.07164835802146367,
            "count": 2
        },
        "PadBehavior.Policy.ExtrinsicReward.sum": {
            "value": 21.200001895427704,
            "min": 21.200001895427704,
            "max": 32.60000289976597,
            "count": 2
        },
        "PadBehavior.Losses.PolicyLoss.mean": {
            "value": 0.24182457186486137,
            "min": 0.24182457186486137,
            "max": 0.24748358344622148,
            "count": 2
        },
        "PadBehavior.Losses.PolicyLoss.sum": {
            "value": 20.796913180378077,
            "min": 20.796913180378077,
            "max": 21.036104592928826,
            "count": 2
        },
        "PadBehavior.Losses.ValueLoss.mean": {
            "value": 0.40491545694498393,
            "min": 0.40491545694498393,
            "max": 0.5298314377738615,
            "count": 2
        },
        "PadBehavior.Losses.ValueLoss.sum": {
            "value": 34.822729297268616,
            "min": 34.822729297268616,
            "max": 45.03567221077823,
            "count": 2
        },
        "PadBehavior.Policy.LearningRate.mean": {
            "value": 7.478780762889536e-05,
            "min": 7.478780762889536e-05,
            "max": 0.00022464584864747054,
            "count": 2
        },
        "PadBehavior.Policy.LearningRate.sum": {
            "value": 0.006431751456085001,
            "min": 0.006431751456085001,
            "max": 0.019094897135034997,
            "count": 2
        },
        "PadBehavior.Policy.Epsilon.mean": {
            "value": 0.12492924418604655,
            "min": 0.12492924418604655,
            "max": 0.17488194117647057,
            "count": 2
        },
        "PadBehavior.Policy.Epsilon.sum": {
            "value": 10.743915000000003,
            "min": 10.743915000000003,
            "max": 14.864965,
            "count": 2
        },
        "PadBehavior.Policy.Beta.mean": {
            "value": 0.0005000000000000001,
            "min": 0.0005000000000000001,
            "max": 0.0005000000000000001,
            "count": 2
        },
        "PadBehavior.Policy.Beta.sum": {
            "value": 0.04300000000000001,
            "min": 0.04250000000000001,
            "max": 0.04300000000000001,
            "count": 2
        },
        "PadBehavior.IsTraining.mean": {
            "value": 1.0,
            "min": 1.0,
            "max": 1.0,
            "count": 2
        },
        "PadBehavior.IsTraining.sum": {
            "value": 1.0,
            "min": 1.0,
            "max": 1.0,
            "count": 2
        }
    },
    "metadata": {
        "timer_format_version": "0.1.0",
        "start_time_seconds": "1763949546",
        "python_version": "3.10.11 (tags/v3.10.11:7d4cc5a, Apr  5 2023, 00:38:17) [MSC v.1929 64 bit (AMD64)]",
        "command_line_arguments": "C:\\Users\\jaimi\\AppData\\Local\\Programs\\Python\\Python310\\Scripts\\mlagents-learn Pad.yaml --run-id=Pad13",
        "mlagents_version": "1.1.0",
        "mlagents_envs_version": "1.1.0",
        "communication_protocol_version": "1.5.0",
        "pytorch_version": "2.9.1+cu128",
        "numpy_version": "1.23.5",
        "end_time_seconds": "1763949641"
    },
    "total": 95.0398841999995,
    "count": 1,
    "self": 0.005688999997801147,
    "children": {
        "run_training.setup": {
            "total": 0.05992730000070878,
            "count": 1,
            "self": 0.05992730000070878
        },
        "TrainerController.start_learning": {
            "total": 94.974267900001,
            "count": 1,
            "self": 0.10762870007602032,
            "children": {
                "TrainerController._reset_env": {
                    "total": 7.341750100000354,
                    "count": 1,
                    "self": 7.341750100000354
                },
                "TrainerController.advance": {
                    "total": 87.50697789992773,
                    "count": 10720,
                    "self": 0.10221619954972994,
                    "children": {
                        "env_step": {
                            "total": 39.93413890016018,
                            "count": 10720,
                            "self": 24.654576000124507,
                            "children": {
                                "SubprocessEnvManager._take_step": {
                                    "total": 15.211752300041553,
                                    "count": 10720,
                                    "self": 0.3088340000467724,
                                    "children": {
                                        "TorchPolicy.evaluate": {
                                            "total": 14.90291829999478,
                                            "count": 10012,
                                            "self": 14.90291829999478
                                        }
                                    }
                                },
                                "workers": {
                                    "total": 0.06781059999411809,
                                    "count": 10720,
                                    "self": 0.0,
                                    "children": {
                                        "worker_root": {
                                            "total": 88.54197979990931,
                                            "count": 10720,
                                            "is_parallel": true,
                                            "self": 69.37788740003089,
                                            "children": {
                                                "steps_from_proto": {
                                                    "total": 0.00023969999892869964,
                                                    "count": 1,
                                                    "is_parallel": true,