{
    "name": "root",
    "metadata": {
        "timer_format_version": "0.1.0",
        "start_time_seconds": "1763940024",
        "python_version": "3.10.11 (tags/v3.10.11:7d4cc5a, Apr  5 2023, 00:38:17) [MSC v.1929 64 bit (AMD64)]",
        "command_line_arguments": "C:\\Users\\jaimi\\AppData\\Local\\Programs\\Python\\Python310\\Scripts\\mlagents-learn Pad.yaml --run-id=Pads01",
        "mlagents_version": "1.1.0",
        "mlagents_envs_version": "1.1.0",
        "communication_protocol_version": "1.5.0",
        "pytorch_version": "2.10.0.dev20251122+cu128",
        "numpy_version": "1.23.5",
        "end_time_seconds": "1763940190"
    },
    "total": 166.18915039999774,
    "count": 1,
    "self": 0.0049838999984785914,
    "children": {
        "run_training.setup": {
            "total": 0.09881899999891175,
            "count": 1,
            "self": 0.09881899999891175
        },
        "TrainerController.start_learning": {
            "total": 166.08534750000035,
            "count": 1,
            "self": 0.02425189989298815,
            "children": {
                "TrainerController._reset_env": {
                    "total": 14.293091899999126,
                    "count": 1,
                    "self": 14.293091899999126
                },
                "TrainerController.advance": {
                    "total": 151.7311449001063,
                    "count": 2051,
                    "self": 0.020562899924698286,
                    "children": {
                        "env_step": {
                            "total": 141.90426080008547,
                            "count": 2051,
                            "self": 138.37003470024865,
                            "children": {
                                "SubprocessEnvManager._take_step": {
                                    "total": 3.5198132998448273,
                                    "count": 2052,
                                    "self": 0.06788839976434247,
                                    "children": {
                                        "TorchPolicy.evaluate": {
                                            "total": 3.451924900080485,
                                            "count": 2052,
                                            "self": 3.451924900080485
                                        }
                                    }
                                },
                                "workers": {
                                    "total": 0.014412799991987413,
                                    "count": 2050,
                                    "self": 0.0,
                                    "children": {
                                        "worker_root": {
                                            "total": 32.09641929999998,
                                            "count": 2050,
                                            "is_parallel": true,
                                            "self": 16.091175599998678,
                                            "children": {
                                                "steps_from_proto": {
                                                    "total": 0.000433300003351178,
                                                    "count": 2,
                                                    "is_parallel": true,
                                                    "self": 0.00016319999849656597,
                                                    "children": {
                                                        "_process_rank_one_or_two_observation": {
                                                            "total": 0.00027010000485461205,
                                                            "count": 4,
                                                            "is_parallel": true,
                                                            "self": 0.00027010000485461205
                                                        }
                                                    }
                                                },
                                                "UnityEnvironment.step": {
                                                    "total": 16.00481039999795,
                                                    "count": 2050,
                                                    "is_parallel": true,
                                                    "self": 0.09725609985616757,
                                                    "children": {
                                                        "UnityEnvironment._generate_step_input": {
                                                            "total": 0.11496420000548824,
                                                            "count": 2050,
                                                            "is_parallel": true,
                                                            "self": 0.11496420000548824
                                                        },
                                                        "communicator.exchange": {
                                                            "total": 15.57886450013757,
                                                            "count": 2050,
                                                            "is_parallel": true,
                                                            "self": 15.57886450013757
                                                        },
                                                        "steps_from_proto": {
                                                            "total": 0.21372559999872465,
                                                            "count": 2050,
                                                            "is_parallel": true,
                                                            "self": 0.10919340010514134,
                                                            "children": {
                                                                "_process_rank_one_or_two_observation": {
                                                                    "total": 0.10453219989358331,
                                                                    "count": 4100,
                                                                    "is_parallel": true,
                                                                    "self": 0.10453219989358331
                                                                }
                                                            }
                                                        }
                                                    }
                                                }
                                            }
                                        }
                                    }
                                }
                            }
                        },
                        "trainer_advance": {
                            "total": 9.806321200096136,
                            "count": 2050,
                            "self": 0.028470300137996674,
                            "children": {
                                "process_trajectory": {
                                    "total": 0.20751789995483705,
                                    "count": 2050,
                                    "self": 0.20751789995483705
                                },
                                "_update_policy": {
                                    "total": 9.570333000003302,
                                    "count": 31,
                                    "self": 0.3362774999368412,
                                    "children": {
                                        "TorchPPOOptimizer.update": {
                                            "total": 9.23405550006646,
                                            "count": 1116,