{
    "name": "root",
    "gauges": {
        "PadBehavior.Policy.Entropy.mean": {
            "value": 1.1592588424682617,
            "min": 1.147275686264038,
            "max": 1.4095813035964966,
            "count": 20
        },
        "PadBehavior.Policy.Entropy.sum": {
            "value": 11576.359375,
            "min": 11454.400390625,
            "max": 14098.6318359375,
            "count": 20
        },
        "PadBehavior.Environment.EpisodeLength.mean": {
            "value": 97.3731343283582,
            "min": 3.67601683029453,
            "max": 4367.5,
            "count": 17
        },
        "PadBehavior.Environment.EpisodeLength.sum": {
            "value": 13048.0,
            "min": 571.0,
            "max": 31366.0,
            "count": 17
        },
        "PadBehavior.Step.mean": {
            "value": 199957.0,
            "min": 9998.0,
            "max": 199957.0,
            "count": 20
        },
        "PadBehavior.Step.sum": {
            "value": 199957.0,
            "min": 9998.0,
            "max": 199957.0,
            "count": 20
        },
        "PadBehavior.Policy.ExtrinsicValueEstimate.mean": {
            "value": 0.16411802172660828,
            "min": -0.005387239158153534,
            "max": 0.2668125629425049,
            "count": 20
        },
        "PadBehavior.Policy.ExtrinsicValueEstimate.sum": {
            "value": 39.55244445800781,
            "min": -11.528692245483398,
            "max": 90.18264770507812,
            "count": 20
        },
        "PadBehavior.Environment.CumulativeReward.mean": {
            "value": 0.13533835673242584,
            "min": -0.16842103553445717,
            "max": 0.8333333258827528,
            "count": 17
        },
        "PadBehavior.Environment.CumulativeReward.sum": {
            "value": 18.000001445412636,
            "min": -3.199999675154686,
            "max": 38.00000470876694,
            "count": 17
        },
        "PadBehavior.Policy.ExtrinsicReward.mean": {
            "value": 0.13533835673242584,
            "min": -0.16842103553445717,
            "max": 0.8333333258827528,
            "count": 17
        },
        "PadBehavior.Policy.ExtrinsicReward.sum": {
            "value": 18.000001445412636,
            "min": -3.199999675154686,
            "max": 38.00000470876694,
            "count": 17
        },
        "PadBehavior.Losses.PolicyLoss.mean": {
            "value": 0.2480392999398625,
            "min": 0.22549387865594772,
            "max": 0.2480392999398625,
            "count": 20
        },
        "PadBehavior.Losses.PolicyLoss.sum": {
            "value": 19.595104695249137,
            "min": 17.363028656507975,
            "max": 23.267868615216535,
            "count": 20
        },
        "PadBehavior.Losses.ValueLoss.mean": {
            "value": 0.4574397287027316,
            "min": 1.0290243523983514e-06,
            "max": 0.6813368074122712,
            "count": 20
        },
        "PadBehavior.Losses.ValueLoss.sum": {
            "value": 36.1377385675158,
            "min": 8.026389948707142e-05,
            "max": 55.18828140039397,
            "count": 20
        },
        "PadBehavior.Policy.LearningRate.mean": {
            "value": 7.438445621816454e-06,
            "min": 7.438445621816454e-06,
            "max": 0.0002922851638619354,
            "count": 20
        },
        "PadBehavior.Policy.LearningRate.sum": {
            "value": 0.0005876372041234999,
            "min": 0.0005876372041234999,
            "max": 0.027182520239159992,
            "count": 20
        },
        "PadBehavior.Policy.Epsilon.mean": {
            "value": 0.10247944936708862,
            "min": 0.10247944936708862,
            "max": 0.19742838709677424,
            "count": 20
        },
        "PadBehavior.Policy.Epsilon.sum": {
            "value": 8.095876500000001,
            "min": 8.095876500000001,
            "max": 18.4796985,
            "count": 20
        },
        "PadBehavior.Policy.Beta.mean": {
            "value": 0.0005000000000000001,
            "min": 0.0005000000000000001,
            "max": 0.0005000000000000001,
            "count": 20
        },
        "PadBehavior.Policy.Beta.sum": {
            "value": 0.03950000000000001,
            "min": 0.038500000000000006,
            "max": 0.048000000000000015,
            "count": 20
        },
        "PadBehavior.IsTraining.mean": {
            "value": 1.0,
            "min": 1.0,
            "max": 1.0,
            "count": 20
        },
        "PadBehavior.IsTraining.sum": {
            "value": 1.0,
            "min": 1.0,
            "max": 1.0,
            "count": 20
        }
    },
    "metadata": {
        "timer_format_version": "0.1.0",
        "start_time_seconds": "1763941442",
        "python_version": "3.10.11 (tags/v3.10.11:7d4cc5a, Apr  5 2023, 00:38:17) [MSC v.1929 64 bit (AMD64)]",
        "command_line_arguments": "C:\\Users\\jaimi\\AppData\\Local\\Programs\\Python\\Python310\\Scripts\\mlagents-learn Pad.yaml --run-id=Pad06",
        "mlagents_version": "1.1.0",
        "mlagents_envs_version": "1.1.0",
        "communication_protocol_version": "1.5.0",
        "pytorch_version": "2.10.0.dev20251122+cu128",
        "numpy_version": "1.23.5",
        "end_time_seconds": "1763942599"
    },
    "total": 1157.023905500002,
    "count": 1,
    "self": 0.006853600003523752,
    "children": {
        "run_training.setup": {
            "total": 0.06514769999921555,
            "count": 1,
            "self": 0.06514769999921555
        },
        "TrainerController.start_learning": {
            "total": 1156.9519041999993,
            "count": 1,
            "self": 1.1659825990682293,
            "children": {
                "TrainerController._reset_env": {
                    "total": 17.626461399999243,
                    "count": 1,
                    "self": 17.626461399999243
                },
                "TrainerController.advance": {
                    "total": 1138.1330089009316,
                    "count": 105953,
                    "self": 1.083904300670838,
                    "children": {
                        "env_step": {
                            "total": 629.7481587005059,
                            "count": 105953,
                            "self": 464.438581400831,
                            "children": {
                                "SubprocessEnvManager._take_step": {
                                    "total": 164.55891879980845,
                                    "count": 105953,
                                    "self": 3.274175900445698,
                                    "children": {
                                        "TorchPolicy.evaluate": {
                                            "total": 161.28474289936275,
                                            "count": 100016,
                                            "self": 161.28474289936275
                                        }
                                    }
                                },
                                "workers": {
                                    "total": 0.7506584998664039,
                                    "count": 105953,
                                    "self": 0.0,
                                    "children": {
                                        "worker_root": {
                                            "total": 1138.6655221006622,
                                            "count": 105953,
                                            "is_parallel": true,
                                            "self": 732.5296377010345,
                                            "children": {
                                                "steps_from_proto": {
                                                    "total": 0.00021769999875687063,
                                                    "count": 1,