{
    "name": "root",
    "gauges": {
        "PadBehavior.Policy.Entropy.mean": {
            "value": 1.3674578666687012,
            "min": 1.3674578666687012,
            "max": 1.3889931440353394,
            "count": 2
        },
        "PadBehavior.Policy.Entropy.sum": {
            "value": 13707.3974609375,
            "min": 13707.3974609375,
            "max": 13892.708984375,
            "count": 2
        },
        "PadBehavior.Environment.EpisodeLength.mean": {
            "value": 11.707750952986023,
            "min": 10.850710900473933,
            "max": 11.707750952986023,
            "count": 2
        },
        "PadBehavior.Environment.EpisodeLength.sum": {
            "value": 9214.0,
            "min": 9158.0,
            "max": 9214.0,
            "count": 2
        },
        "PadBehavior.Step.mean": {
            "value": 19990.0,
            "min": 9996.0,
            "max": 19990.0,
            "count": 2
        },
        "PadBehavior.Step.sum": {
            "value": 19990.0,
            "min": 9996.0,
            "max": 19990.0,
            "count": 2
        },
        "PadBehavior.Policy.ExtrinsicValueEstimate.mean": {
            "value": 0.018723689019680023,
            "min": 0.018723689019680023,
            "max": 0.02691902592778206,
            "count": 2
        },
        "PadBehavior.Policy.ExtrinsicValueEstimate.sum": {
            "value": 14.754266738891602,
            "min": 14.754266738891602,
            "max": 22.692739486694336,
            "count": 2
        },
        "PadBehavior.Environment.CumulativeReward.mean": {
            "value": 0.021855147699843216,
            "min": 0.010913405006183565,
            "max": 0.021855147699843216,
            "count": 2
        },
        "PadBehavior.Environment.CumulativeReward.sum": {
            "value": 17.20000123977661,
            "min": 9.200000420212746,
            "max": 17.20000123977661,
            "count": 2
        },
        "PadBehavior.Policy.ExtrinsicReward.mean": {
            "value": 0.021855147699843216,
            "min": 0.010913405006183565,
            "max": 0.021855147699843216,
            "count": 2
        },
        "PadBehavior.Policy.ExtrinsicReward.sum": {
            "value": 17.20000123977661,
            "min": 9.200000420212746,
            "max": 17.20000123977661,
            "count": 2
        },
        "PadBehavior.Losses.PolicyLoss.mean": {
            "value": 0.23896803271071987,
            "min": 0.23896803271071987,
            "max": 0.2533344640740851,
            "count": 2
        },
        "PadBehavior.Losses.PolicyLoss.sum": {
            "value": 21.507122943964788,
            "min": 21.507122943964788,
            "max": 22.546767302593572,
            "count": 2
        },
        "PadBehavior.Losses.ValueLoss.mean": {
            "value": 0.22612531076868997,
            "min": 0.14087537001959022,
            "max": 0.22612531076868997,
            "count": 2
        },
        "PadBehavior.Losses.ValueLoss.sum": {
            "value": 20.351277969182096,
            "min": 12.53790793174353,
            "max": 20.351277969182096,
            "count": 2
        },
        "PadBehavior.Policy.LearningRate.mean": {
            "value": 7.512674162444444e-05,
            "min": 7.512674162444444e-05,
            "max": 0.0002238954186266292,
            "count": 2
        },
        "PadBehavior.Policy.LearningRate.sum": {
            "value": 0.0067614067461999995,
            "min": 0.0067614067461999995,
            "max": 0.01992669225777,
            "count": 2
        },
        "PadBehavior.Policy.Epsilon.mean": {
            "value": 0.12504222222222222,
            "min": 0.12504222222222222,
            "max": 0.174631797752809,
            "count": 2
        },
        "PadBehavior.Policy.Epsilon.sum": {
            "value": 11.2538,
            "min": 11.2538,
            "max": 15.54223,
            "count": 2
        },
        "PadBehavior.Policy.Beta.mean": {
            "value": 0.0005000000000000001,
            "min": 0.0005000000000000001,
            "max": 0.0005000000000000001,
            "count": 2
        },
        "PadBehavior.Policy.Beta.sum": {
            "value": 0.04500000000000001,
            "min": 0.04450000000000001,
            "max": 0.04500000000000001,
            "count": 2
        },
        "PadBehavior.IsTraining.mean": {
            "value": 1.0,
            "min": 1.0,
            "max": 1.0,
            "count": 2
        },
        "PadBehavior.IsTraining.sum": {
            "value": 1.0,
            "min": 1.0,
            "max": 1.0,
            "count": 2
        }
    },
    "metadata": {
        "timer_format_version": "0.1.0",
        "start_time_seconds": "1763949233",
        "python_version": "3.10.11 (tags/v3.10.11:7d4cc5a, Apr  5 2023, 00:38:17) [MSC v.1929 64 bit (AMD64)]",
        "command_line_arguments": "C:\\Users\\jaimi\\AppData\\Local\\Programs\\Python\\Python310\\Scripts\\mlagents-learn Pad.yaml --run-id=Pad12",
        "mlagents_version": "1.1.0",
        "mlagents_envs_version": "1.1.0",
        "communication_protocol_version": "1.5.0",
        "pytorch_version": "2.9.1+cu128",
        "numpy_version": "1.23.5",
        "end_time_seconds": "1763949346"
    },
    "total": 113.560487499999,
    "count": 1,
    "self": 0.006397400000423659,
    "children": {
        "run_training.setup": {
            "total": 0.074866099999781,
            "count": 1,
            "self": 0.074866099999781
        },
        "TrainerController.start_learning": {
            "total": 113.4792239999988,
            "count": 1,
            "self": 0.11345090005852398,
            "children": {
                "TrainerController._reset_env": {
                    "total": 11.090973800000938,
                    "count": 1,
                    "self": 11.090973800000938
                },
                "TrainerController.advance": {
                    "total": 101.88141619993985,
                    "count": 11280,
                    "self": 0.10682750014893827,
                    "children": {
                        "env_step": {
                            "total": 50.68694250003318,
                            "count": 11280,
                            "self": 35.090099900127825,
                            "children": {
                                "SubprocessEnvManager._take_step": {
                                    "total": 15.523465899939765,
                                    "count": 11280,
                                    "self": 0.30726339992543217,
                                    "children": {
                                        "TorchPolicy.evaluate": {
                                            "total": 15.216202500014333,
                                            "count": 10013,
                                            "self": 15.216202500014333
                                        }
                                    }
                                },
                                "workers": {
                                    "total": 0.0733766999655927,
                                    "count": 11280,
                                    "self": 0.0,
                                    "children": {
                                        "worker_root": {
                                            "total": 103.03187510049611,
                                            "count": 11280,
                                            "is_parallel": true,
                                            "self": 73.67653110032188,
                                            "children": {
                                                "steps_from_proto": {
                                                    "total": 0.0002055000004475005,
                                                    "count": 1,
                                                    "is_parallel": true,