{
    "name": "root",
    "metadata": {
        "timer_format_version": "0.1.0",
        "start_time_seconds": "1764714872",
        "python_version": "3.10.11 (tags/v3.10.11:7d4cc5a, Apr  5 2023, 00:38:17) [MSC v.1929 64 bit (AMD64)]",
        "command_line_arguments": "C:\\Users\\jaimi\\AppData\\Local\\Programs\\Python\\Python310\\Scripts\\mlagents-learn Pad.yaml --run-id=Pad12",
        "mlagents_version": "1.1.0",
        "mlagents_envs_version": "1.1.0",
        "communication_protocol_version": "1.5.0",
        "pytorch_version": "2.7.0+cu128",
        "numpy_version": "1.23.5",
        "end_time_seconds": "1764714941"
    },
    "total": 69.12189719999992,
    "count": 1,
    "self": 10.005222399999866,
    "children": {
        "run_training.setup": {
            "total": 0.0635807000001023,
            "count": 1,
            "self": 0.0635807000001023
        },
        "TrainerController.start_learning": {
            "total": 59.05309409999995,
            "count": 1,
            "self": 0.02739519999681761,
            "children": {
                "TrainerController._reset_env": {
                    "total": 9.674640899999986,
                    "count": 1,
                    "self": 9.674640899999986
                },
                "TrainerController.advance": {
                    "total": 49.255919500003074,
                    "count": 2146,
                    "self": 0.024765300004446544,
                    "children": {
                        "env_step": {
                            "total": 39.72677679999765,
                            "count": 2146,
                            "self": 36.14213219998351,
                            "children": {
                                "SubprocessEnvManager._take_step": {
                                    "total": 3.567549700006566,
                                    "count": 2147,
                                    "self": 0.07422380000798512,
                                    "children": {
                                        "TorchPolicy.evaluate": {
                                            "total": 3.493325899998581,
                                            "count": 2088,
                                            "self": 3.493325899998581
                                        }
                                    }
                                },
                                "workers": {
                                    "total": 0.017094900007577962,
                                    "count": 2145,
                                    "self": 0.0,
                                    "children": {
                                        "worker_root": {
                                            "total": 38.39700219999531,
                                            "count": 2145,
                                            "is_parallel": true,
                                            "self": 15.88242219999529,
                                            "children": {
                                                "steps_from_proto": {
                                                    "total": 0.0003837000001567503,
                                                    "count": 2,
                                                    "is_parallel": true,
                                                    "self": 0.0001518000001397013,
                                                    "children": {
                                                        "_process_rank_one_or_two_observation": {
                                                            "total": 0.00023190000001704902,
                                                            "count": 4,
                                                            "is_parallel": true,
                                                            "self": 0.00023190000001704902
                                                        }
                                                    }
                                                },
                                                "UnityEnvironment.step": {
                                                    "total": 22.514196299999867,
                                                    "count": 2145,
                                                    "is_parallel": true,
                                                    "self": 0.1108326999944893,
                                                    "children": {
                                                        "UnityEnvironment._generate_step_input": {
                                                            "total": 0.11771640000210937,
                                                            "count": 2145,
                                                            "is_parallel": true,
                                                            "self": 0.11771640000210937
                                                        },
                                                        "communicator.exchange": {
                                                            "total": 22.036486700003024,
                                                            "count": 2145,
                                                            "is_parallel": true,
                                                            "self": 22.036486700003024
                                                        },
                                                        "steps_from_proto": {
                                                            "total": 0.2491605000002437,
                                                            "count": 2145,
                                                            "is_parallel": true,
                                                            "self": 0.1238744999982373,
                                                            "children": {
                                                                "_process_rank_one_or_two_observation": {
                                                                    "total": 0.1252860000020064,
                                                                    "count": 4290,
                                                                    "is_parallel": true,
                                                                    "self": 0.1252860000020064
                                                                }
                                                            }
                                                        }
                                                    }
                                                }
                                            }
                                        }
                                    }
                                }
                            }
                        },
                        "trainer_advance": {
                            "total": 9.504377400000976,
                            "count": 2145,
                            "self": 0.033043099993847136,
                            "children": {
                                "process_trajectory": {
                                    "total": 0.2984013000068444,
                                    "count": 2145,
                                    "self": 0.2984013000068444
                                },
                                "_update_policy": {
                                    "total": 9.172933000000285,
                                    "count": 29,
                                    "self": 0.3412307999992663,
                                    "children": {
                                        "TorchPPOOptimizer.update": {
                                            "total": 8.831702200001018,
                                            "count": 1017,