{
    "name": "root",
    "gauges": {
        "PadBehavior.Policy.Entropy.mean": {
            "value": 1.3514028787612915,
            "min": 1.3514028787612915,
            "max": 1.4389399290084839,
            "count": 20
        },
        "PadBehavior.Policy.Entropy.sum": {
            "value": 13505.9208984375,
            "min": 13505.9208984375,
            "max": 14384.3505859375,
            "count": 20
        },
        "PadBehavior.Environment.EpisodeLength.mean": {
            "value": 44.834123222748815,
            "min": 12.317397078353254,
            "max": 96.7094017094017,
            "count": 20
        },
        "PadBehavior.Environment.EpisodeLength.sum": {
            "value": 9460.0,
            "min": 3969.0,
            "max": 15700.0,
            "count": 20
        },
        "PadBehavior.Step.mean": {
            "value": 199947.0,
            "min": 9986.0,
            "max": 199947.0,
            "count": 20
        },
        "PadBehavior.Step.sum": {
            "value": 199947.0,
            "min": 9986.0,
            "max": 199947.0,
            "count": 20
        },
        "PadBehavior.Policy.ExtrinsicValueEstimate.mean": {
            "value": 0.15095488727092743,
            "min": 0.019358761608600616,
            "max": 0.2333078533411026,
            "count": 20
        },
        "PadBehavior.Policy.ExtrinsicValueEstimate.sum": {
            "value": 43.173095703125,
            "min": 8.849321365356445,
            "max": 64.73226928710938,
            "count": 20
        },
        "PadBehavior.Environment.CumulativeReward.mean": {
            "value": 0.1566037875863741,
            "min": 0.02234042695465874,
            "max": 0.19130436798430378,
            "count": 20
        },
        "PadBehavior.Environment.CumulativeReward.sum": {
            "value": 33.20000296831131,
            "min": 11.800001084804535,
            "max": 39.000002950429916,
            "count": 20
        },
        "PadBehavior.Policy.ExtrinsicReward.mean": {
            "value": 0.1566037875863741,
            "min": 0.02234042695465874,
            "max": 0.19130436798430378,
            "count": 20
        },
        "PadBehavior.Policy.ExtrinsicReward.sum": {
            "value": 33.20000296831131,
            "min": 11.800001084804535,
            "max": 39.000002950429916,
            "count": 20
        },
        "PadBehavior.Losses.PolicyLoss.mean": {
            "value": 0.248330610963885,
            "min": 0.23653643776594038,
            "max": 0.24952955306544816,
            "count": 20
        },
        "PadBehavior.Losses.PolicyLoss.sum": {
            "value": 19.618118266146915,
            "min": 18.930608131031534,
            "max": 21.6205692453517,
            "count": 20
        },
        "PadBehavior.Losses.ValueLoss.mean": {
            "value": 0.5498838011173448,
            "min": 0.17445472398234324,
            "max": 0.5832936630083346,
            "count": 20
        },
        "PadBehavior.Losses.ValueLoss.sum": {
            "value": 43.44082028827024,
            "min": 13.607468470622772,
            "max": 48.413374029691774,
            "count": 20
        },
        "PadBehavior.Policy.LearningRate.mean": {
            "value": 7.510749395183544e-06,
            "min": 7.510749395183544e-06,
            "max": 0.00029238478587173886,
            "count": 20
        },
        "PadBehavior.Policy.LearningRate.sum": {
            "value": 0.0005933492022195,
            "min": 0.0005933492022195,
            "max": 0.0263146307284565,
            "count": 20
        },
        "PadBehavior.Policy.Epsilon.mean": {
            "value": 0.1025035506329114,
            "min": 0.1025035506329114,
            "max": 0.19746159444444444,
            "count": 20
        },
        "PadBehavior.Policy.Epsilon.sum": {
            "value": 8.0977805,
            "min": 8.0977805,
            "max": 17.7715435,
            "count": 20
        },
        "PadBehavior.Policy.Beta.mean": {
            "value": 0.0005000000000000001,
            "min": 0.0005000000000000001,
            "max": 0.0005000000000000001,
            "count": 20
        },
        "PadBehavior.Policy.Beta.sum": {
            "value": 0.03950000000000001,
            "min": 0.03900000000000001,
            "max": 0.04500000000000001,
            "count": 20
        },
        "PadBehavior.IsTraining.mean": {
            "value": 1.0,
            "min": 1.0,
            "max": 1.0,
            "count": 20
        },
        "PadBehavior.IsTraining.sum": {
            "value": 1.0,
            "min": 1.0,
            "max": 1.0,
            "count": 20
        }
    },
    "metadata": {
        "timer_format_version": "0.1.0",
        "start_time_seconds": "1763943148",
        "python_version": "3.10.11 (tags/v3.10.11:7d4cc5a, Apr  5 2023, 00:38:17) [MSC v.1929 64 bit (AMD64)]",
        "command_line_arguments": "C:\\Users\\jaimi\\AppData\\Local\\Programs\\Python\\Python310\\Scripts\\mlagents-learn Pad.yaml --run-id=Pad07",
        "mlagents_version": "1.1.0",
        "mlagents_envs_version": "1.1.0",
        "communication_protocol_version": "1.5.0",
        "pytorch_version": "2.10.0.dev20251122+cu128",
        "numpy_version": "1.23.5",
        "end_time_seconds": "1763944361"
    },
    "total": 1213.6514301999996,
    "count": 1,
    "self": 0.005694900002708891,
    "children": {
        "run_training.setup": {
            "total": 0.05976449999798206,
            "count": 1,
            "self": 0.05976449999798206
        },
        "TrainerController.start_learning": {
            "total": 1213.585970799999,
            "count": 1,
            "self": 1.1445597003294097,
            "children": {
                "TrainerController._reset_env": {
                    "total": 17.098305399998935,
                    "count": 1,
                    "self": 17.098305399998935
                },
                "TrainerController.advance": {
                    "total": 1195.3246630996691,
                    "count": 104037,
                    "self": 1.0284660994839214,
                    "children": {
                        "env_step": {
                            "total": 725.4481009005467,
                            "count": 104037,
                            "self": 572.1643480004896,
                            "children": {
                                "SubprocessEnvManager._take_step": {
                                    "total": 152.57569279989912,
                                    "count": 104037,
                                    "self": 3.155537700651621,
                                    "children": {
                                        "TorchPolicy.evaluate": {
                                            "total": 149.4201550992475,
                                            "count": 100025,
                                            "self": 149.4201550992475
                                        }
                                    }
                                },
                                "workers": {
                                    "total": 0.7080601001580362,
                                    "count": 104037,
                                    "self": 0.0,
                                    "children": {
                                        "worker_root": {
                                            "total": 1195.8728666001116,
                                            "count": 104037,
                                            "is_parallel": true,
                                            "self": 679.6870950004195,
                                            "children": {
                                                "steps_from_proto": {
                                                    "total": 0.00019069999689236283,
                                                    "count": 1,