{
    "name": "root",
    "gauges": {
        "PadBehavior.Policy.Entropy.mean": {
            "value": 1.4363161325454712,
            "min": 1.4237323999404907,
            "max": 1.4363161325454712,
            "count": 2
        },
        "PadBehavior.Policy.Entropy.sum": {
            "value": 14368.90625,
            "min": 14268.646484375,
            "max": 14368.90625,
            "count": 2
        },
        "PadBehavior.Environment.EpisodeLength.mean": {
            "value": 14.582554517133957,
            "min": 10.87085308056872,
            "max": 14.582554517133957,
            "count": 2
        },
        "PadBehavior.Environment.EpisodeLength.sum": {
            "value": 9362.0,
            "min": 9175.0,
            "max": 9362.0,
            "count": 2
        },
        "PadBehavior.Step.mean": {
            "value": 19982.0,
            "min": 9985.0,
            "max": 19982.0,
            "count": 2
        },
        "PadBehavior.Step.sum": {
            "value": 19982.0,
            "min": 9985.0,
            "max": 19982.0,
            "count": 2
        },
        "PadBehavior.Policy.ExtrinsicValueEstimate.mean": {
            "value": 0.03649158403277397,
            "min": 0.03649158403277397,
            "max": 0.07460203766822815,
            "count": 2
        },
        "PadBehavior.Policy.ExtrinsicValueEstimate.sum": {
            "value": 23.427597045898438,
            "min": 23.427597045898438,
            "max": 62.9641227722168,
            "count": 2
        },
        "PadBehavior.Environment.CumulativeReward.mean": {
            "value": 0.042367604291327646,
            "min": 0.020166074094823246,
            "max": 0.042367604291327646,
            "count": 2
        },
        "PadBehavior.Environment.CumulativeReward.sum": {
            "value": 27.20000195503235,
            "min": 17.000000461935997,
            "max": 27.20000195503235,
            "count": 2
        },
        "PadBehavior.Policy.ExtrinsicReward.mean": {
            "value": 0.042367604291327646,
            "min": 0.020166074094823246,
            "max": 0.042367604291327646,
            "count": 2
        },
        "PadBehavior.Policy.ExtrinsicReward.sum": {
            "value": 27.20000195503235,
            "min": 17.000000461935997,
            "max": 27.20000195503235,
            "count": 2
        },
        "PadBehavior.Losses.PolicyLoss.mean": {
            "value": 0.2412826193677626,
            "min": 0.23811230742753017,
            "max": 0.2412826193677626,
            "count": 2
        },
        "PadBehavior.Losses.PolicyLoss.sum": {
            "value": 21.715435743098634,
            "min": 21.191995361050186,
            "max": 21.715435743098634,
            "count": 2
        },
        "PadBehavior.Losses.ValueLoss.mean": {
            "value": 0.24956140773014795,
            "min": 0.24956140773014795,
            "max": 0.30686921463882844,
            "count": 2
        },
        "PadBehavior.Losses.ValueLoss.sum": {
            "value": 22.460526695713316,
            "min": 22.460526695713316,
            "max": 27.31136010285573,
            "count": 2
        },
        "PadBehavior.Policy.LearningRate.mean": {
            "value": 7.489157503616667e-05,
            "min": 7.489157503616667e-05,
            "max": 0.00022521659796151687,
            "count": 2
        },
        "PadBehavior.Policy.LearningRate.sum": {
            "value": 0.006740241753255,
            "min": 0.006740241753255,
            "max": 0.020044277218575,
            "count": 2
        },
        "PadBehavior.Policy.Epsilon.mean": {
            "value": 0.12496383333333336,
            "min": 0.12496383333333336,
            "max": 0.17507219101123597,
            "count": 2
        },
        "PadBehavior.Policy.Epsilon.sum": {
            "value": 11.246745000000002,
            "min": 11.246745000000002,
            "max": 15.581425000000001,
            "count": 2
        },
        "PadBehavior.Policy.Beta.mean": {
            "value": 0.0005000000000000001,
            "min": 0.0005000000000000001,
            "max": 0.0005000000000000001,
            "count": 2
        },
        "PadBehavior.Policy.Beta.sum": {
            "value": 0.04500000000000001,
            "min": 0.04450000000000001,
            "max": 0.04500000000000001,
            "count": 2
        },
        "PadBehavior.IsTraining.mean": {
            "value": 1.0,
            "min": 1.0,
            "max": 1.0,
            "count": 2
        },
        "PadBehavior.IsTraining.sum": {
            "value": 1.0,
            "min": 1.0,
            "max": 1.0,
            "count": 2
        }
    },
    "metadata": {
        "timer_format_version": "0.1.0",
        "start_time_seconds": "1763950554",
        "python_version": "3.10.11 (tags/v3.10.11:7d4cc5a, Apr  5 2023, 00:38:17) [MSC v.1929 64 bit (AMD64)]",
        "command_line_arguments": "C:\\Users\\jaimi\\AppData\\Local\\Programs\\Python\\Python310\\Scripts\\mlagents-learn Pad.yaml --run-id=Pad15",
        "mlagents_version": "1.1.0",
        "mlagents_envs_version": "1.1.0",
        "communication_protocol_version": "1.5.0",
        "pytorch_version": "2.9.1+cu128",
        "numpy_version": "1.23.5",
        "end_time_seconds": "1763950652"
    },
    "total": 97.57808330000262,
    "count": 1,
    "self": 0.006065200002922211,
    "children": {
        "run_training.setup": {
            "total": 0.06123010000010254,
            "count": 1,
            "self": 0.06123010000010254
        },
        "TrainerController.start_learning": {
            "total": 97.5107879999996,
            "count": 1,
            "self": 0.11131970006317715,
            "children": {
                "TrainerController._reset_env": {
                    "total": 8.024722800000745,
                    "count": 1,
                    "self": 8.024722800000745
                },
                "TrainerController.advance": {
                    "total": 89.07447109993518,
                    "count": 11188,
                    "self": 0.10452599980999366,
                    "children": {
                        "env_step": {
                            "total": 40.40894469996056,
                            "count": 11188,
                            "self": 25.106239799893956,
                            "children": {
                                "SubprocessEnvManager._take_step": {
                                    "total": 15.231791900034295,
                                    "count": 11188,
                                    "self": 0.3068936000672693,
                                    "children": {
                                        "TorchPolicy.evaluate": {
                                            "total": 14.924898299967026,
                                            "count": 10013,
                                            "self": 14.924898299967026
                                        }
                                    }
                                },
                                "workers": {
                                    "total": 0.07091300003230572,
                                    "count": 11188,
                                    "self": 0.0,
                                    "children": {
                                        "worker_root": {
                                            "total": 90.09173410000949,
                                            "count": 11188,
                                            "is_parallel": true,
                                            "self": 70.68332599975474,
                                            "children": {
                                                "steps_from_proto": {
                                                    "total": 0.00019780000002356246,
                                                    "count": 1,
                                                    "is_parallel": true,