{
    "name": "root",
    "metadata": {
        "timer_format_version": "0.1.0",
        "start_time_seconds": "1763941227",
        "python_version": "3.10.11 (tags/v3.10.11:7d4cc5a, Apr  5 2023, 00:38:17) [MSC v.1929 64 bit (AMD64)]",
        "command_line_arguments": "C:\\Users\\jaimi\\AppData\\Local\\Programs\\Python\\Python310\\Scripts\\mlagents-learn Pad.yaml --run-id=Pad05",
        "mlagents_version": "1.1.0",
        "mlagents_envs_version": "1.1.0",
        "communication_protocol_version": "1.5.0",
        "pytorch_version": "2.10.0.dev20251122+cu128",
        "numpy_version": "1.23.5",
        "end_time_seconds": "1763941365"
    },
    "total": 137.84845479999785,
    "count": 1,
    "self": 0.004681399994296953,
    "children": {
        "run_training.setup": {
            "total": 0.060452000001532724,
            "count": 1,
            "self": 0.060452000001532724
        },
        "TrainerController.start_learning": {
            "total": 137.78332140000202,
            "count": 1,
            "self": 0.043117400015034946,
            "children": {
                "TrainerController._reset_env": {
                    "total": 17.438081500000408,
                    "count": 1,
                    "self": 17.438081500000408
                },
                "TrainerController.advance": {
                    "total": 120.27843779998511,
                    "count": 3660,
                    "self": 0.03734059995622374,
                    "children": {
                        "env_step": {
                            "total": 103.72625670015259,
                            "count": 3660,
                            "self": 98.25451690007685,
                            "children": {
                                "SubprocessEnvManager._take_step": {
                                    "total": 5.445510600045964,
                                    "count": 3660,
                                    "self": 0.11508279995905468,
                                    "children": {
                                        "TorchPolicy.evaluate": {
                                            "total": 5.330427800086909,
                                            "count": 3427,
                                            "self": 5.330427800086909
                                        }
                                    }
                                },
                                "workers": {
                                    "total": 0.026229200029774802,
                                    "count": 3659,
                                    "self": 0.0,
                                    "children": {
                                        "worker_root": {
                                            "total": 58.448343599906366,
                                            "count": 3659,
                                            "is_parallel": true,
                                            "self": 24.846890299755614,
                                            "children": {
                                                "steps_from_proto": {
                                                    "total": 0.00026309999884688295,
                                                    "count": 1,
                                                    "is_parallel": true,
                                                    "self": 0.00011129999984405003,
                                                    "children": {
                                                        "_process_rank_one_or_two_observation": {
                                                            "total": 0.00015179999900283292,
                                                            "count": 2,
                                                            "is_parallel": true,
                                                            "self": 0.00015179999900283292
                                                        }
                                                    }
                                                },
                                                "UnityEnvironment.step": {
                                                    "total": 33.601190200151905,
                                                    "count": 3659,
                                                    "is_parallel": true,
                                                    "self": 0.1838632001017686,
                                                    "children": {
                                                        "UnityEnvironment._generate_step_input": {
                                                            "total": 0.1978827002021717,
                                                            "count": 3659,
                                                            "is_parallel": true,
                                                            "self": 0.1978827002021717
                                                        },
                                                        "communicator.exchange": {
                                                            "total": 32.81530959986776,
                                                            "count": 3659,
                                                            "is_parallel": true,
                                                            "self": 32.81530959986776
                                                        },
                                                        "steps_from_proto": {
                                                            "total": 0.40413469998020446,
                                                            "count": 3659,
                                                            "is_parallel": true,
                                                            "self": 0.2092526998858375,
                                                            "children": {
                                                                "_process_rank_one_or_two_observation": {
                                                                    "total": 0.19488200009436696,
                                                                    "count": 7318,
                                                                    "is_parallel": true,
                                                                    "self": 0.19488200009436696
                                                                }
                                                            }
                                                        }
                                                    }
                                                }
                                            }
                                        }
                                    }
                                }
                            }
                        },
                        "trainer_advance": {
                            "total": 16.5148404998763,
                            "count": 3659,
                            "self": 0.04704000002675457,
                            "children": {
                                "process_trajectory": {
                                    "total": 0.6552713998389663,
                                    "count": 3659,
                                    "self": 0.6552713998389663
                                },
                                "_update_policy": {
                                    "total": 15.812529100010579,
                                    "count": 59,
                                    "self": 0.5721810000213736,
                                    "children": {
                                        "TorchPPOOptimizer.update": {
                                            "total": 15.240348099989205,
                                            "count": 1971,