{
    "name": "root",
    "metadata": {
        "timer_format_version": "0.1.0",
        "start_time_seconds": "1763945477",
        "python_version": "3.10.11 (tags/v3.10.11:7d4cc5a, Apr  5 2023, 00:38:17) [MSC v.1929 64 bit (AMD64)]",
        "command_line_arguments": "C:\\Users\\jaimi\\AppData\\Local\\Programs\\Python\\Python310\\Scripts\\mlagents-learn Pad.yaml --run-id=Pad08",
        "mlagents_version": "1.1.0",
        "mlagents_envs_version": "1.1.0",
        "communication_protocol_version": "1.5.0",
        "pytorch_version": "2.10.0.dev20251122+cu128",
        "numpy_version": "1.23.5",
        "end_time_seconds": "1763945671"
    },
    "total": 194.0079439000001,
    "count": 1,
    "self": 0.00485349999871687,
    "children": {
        "run_training.setup": {
            "total": 0.06515950000175508,
            "count": 1,
            "self": 0.06515950000175508
        },
        "TrainerController.start_learning": {
            "total": 193.93793089999963,
            "count": 1,
            "self": 0.052519799952278845,
            "children": {
                "TrainerController._reset_env": {
                    "total": 16.672704200002045,
                    "count": 1,
                    "self": 16.672704200002045
                },
                "TrainerController.advance": {
                    "total": 177.191308700043,
                    "count": 4313,
                    "self": 0.04460919992197887,
                    "children": {
                        "env_step": {
                            "total": 157.61244760002228,
                            "count": 4313,
                            "self": 151.31304660010574,
                            "children": {
                                "SubprocessEnvManager._take_step": {
                                    "total": 6.267969500113395,
                                    "count": 4313,
                                    "self": 0.1278079001167498,
                                    "children": {
                                        "TorchPolicy.evaluate": {
                                            "total": 6.140161599996645,
                                            "count": 3844,
                                            "self": 6.140161599996645
                                        }
                                    }
                                },
                                "workers": {
                                    "total": 0.031431499803147744,
                                    "count": 4312,
                                    "self": 0.0,
                                    "children": {
                                        "worker_root": {
                                            "total": 55.60088919989357,
                                            "count": 4312,
                                            "is_parallel": true,
                                            "self": 29.35404089991789,
                                            "children": {
                                                "steps_from_proto": {
                                                    "total": 0.00023579999833600596,
                                                    "count": 1,
                                                    "is_parallel": true,
                                                    "self": 9.969999882741831e-05,
                                                    "children": {
                                                        "_process_rank_one_or_two_observation": {
                                                            "total": 0.00013609999950858764,
                                                            "count": 2,
                                                            "is_parallel": true,
                                                            "self": 0.00013609999950858764
                                                        }
                                                    }
                                                },
                                                "UnityEnvironment.step": {
                                                    "total": 26.246612499977346,
                                                    "count": 4312,
                                                    "is_parallel": true,
                                                    "self": 0.22076499989270815,
                                                    "children": {
                                                        "UnityEnvironment._generate_step_input": {
                                                            "total": 0.224864600066212,
                                                            "count": 4312,
                                                            "is_parallel": true,
                                                            "self": 0.224864600066212
                                                        },
                                                        "communicator.exchange": {
                                                            "total": 25.31451249992824,
                                                            "count": 4312,
                                                            "is_parallel": true,
                                                            "self": 25.31451249992824
                                                        },
                                                        "steps_from_proto": {
                                                            "total": 0.48647040009018383,
                                                            "count": 4312,
                                                            "is_parallel": true,
                                                            "self": 0.25252970028304844,
                                                            "children": {
                                                                "_process_rank_one_or_two_observation": {
                                                                    "total": 0.2339406998071354,
                                                                    "count": 8624,
                                                                    "is_parallel": true,
                                                                    "self": 0.2339406998071354
                                                                }
                                                            }
                                                        }
                                                    }
                                                }
                                            }
                                        }
                                    }
                                }
                            }
                        },
                        "trainer_advance": {
                            "total": 19.534251900098752,
                            "count": 4312,
                            "self": 0.05436650008778088,
                            "children": {
                                "process_trajectory": {
                                    "total": 1.1658875000321132,
                                    "count": 4312,
                                    "self": 1.1658875000321132
                                },
                                "_update_policy": {
                                    "total": 18.313997899978858,
                                    "count": 68,
                                    "self": 0.6810794000484748,
                                    "children": {
                                        "TorchPPOOptimizer.update": {
                                            "total": 17.632918499930383,
                                            "count": 2205,