{
    "name": "root",
    "gauges": {
        "PadBehavior.Policy.Entropy.mean": {
            "value": 1.4471948146820068,
            "min": 1.4471948146820068,
            "max": 1.4471948146820068,
            "count": 1
        },
        "PadBehavior.Policy.Entropy.sum": {
            "value": 14524.046875,
            "min": 14524.046875,
            "max": 14524.046875,
            "count": 1
        },
        "PadBehavior.Environment.EpisodeLength.mean": {
            "value": 55.19101123595506,
            "min": 55.19101123595506,
            "max": 55.19101123595506,
            "count": 1
        },
        "PadBehavior.Environment.EpisodeLength.sum": {
            "value": 9824.0,
            "min": 9824.0,
            "max": 9824.0,
            "count": 1
        },
        "PadBehavior.Step.mean": {
            "value": 9967.0,
            "min": 9967.0,
            "max": 9967.0,
            "count": 1
        },
        "PadBehavior.Step.sum": {
            "value": 9967.0,
            "min": 9967.0,
            "max": 9967.0,
            "count": 1
        },
        "PadBehavior.Policy.ExtrinsicValueEstimate.mean": {
            "value": 0.0730132982134819,
            "min": 0.0730132982134819,
            "max": 0.0730132982134819,
            "count": 1
        },
        "PadBehavior.Policy.ExtrinsicValueEstimate.sum": {
            "value": 18.983457565307617,
            "min": 18.983457565307617,
            "max": 18.983457565307617,
            "count": 1
        },
        "PadBehavior.Environment.CumulativeReward.mean": {
            "value": 0.04519774120742992,
            "min": 0.04519774120742992,
            "max": 0.04519774120742992,
            "count": 1
        },
        "PadBehavior.Environment.CumulativeReward.sum": {
            "value": 8.000000193715096,
            "min": 8.000000193715096,
            "max": 8.000000193715096,
            "count": 1
        },
        "PadBehavior.Policy.ExtrinsicReward.mean": {
            "value": 0.04519774120742992,
            "min": 0.04519774120742992,
            "max": 0.04519774120742992,
            "count": 1
        },
        "PadBehavior.Policy.ExtrinsicReward.sum": {
            "value": 8.000000193715096,
            "min": 8.000000193715096,
            "max": 8.000000193715096,
            "count": 1
        },
        "PadBehavior.Losses.PolicyLoss.mean": {
            "value": 0.24263855852229418,
            "min": 0.24263855852229418,
            "max": 0.24263855852229418,
            "count": 1
        },
        "PadBehavior.Losses.PolicyLoss.sum": {
            "value": 19.65372324030583,
            "min": 19.65372324030583,
            "max": 19.65372324030583,
            "count": 1
        },
        "PadBehavior.Losses.ValueLoss.mean": {
            "value": 0.02237879082902948,
            "min": 0.02237879082902948,
            "max": 0.02237879082902948,
            "count": 1
        },
        "PadBehavior.Losses.ValueLoss.sum": {
            "value": 1.812682057151388,
            "min": 1.812682057151388,
            "max": 1.812682057151388,
            "count": 1
        },
        "PadBehavior.Policy.LearningRate.mean": {
            "value": 0.00029258229876886414,
            "min": 0.00029258229876886414,
            "max": 0.00029258229876886414,
            "count": 1
        },
        "PadBehavior.Policy.LearningRate.sum": {
            "value": 0.023699166200277996,
            "min": 0.023699166200277996,
            "max": 0.023699166200277996,
            "count": 1
        },
        "PadBehavior.Policy.Epsilon.mean": {
            "value": 0.19752743209876544,
            "min": 0.19752743209876544,
            "max": 0.19752743209876544,
            "count": 1
        },
        "PadBehavior.Policy.Epsilon.sum": {
            "value": 15.999722,
            "min": 15.999722,
            "max": 15.999722,
            "count": 1
        },
        "PadBehavior.Policy.Beta.mean": {
            "value": 0.0005000000000000001,
            "min": 0.0005000000000000001,
            "max": 0.0005000000000000001,
            "count": 1
        },
        "PadBehavior.Policy.Beta.sum": {
            "value": 0.04050000000000001,
            "min": 0.04050000000000001,
            "max": 0.04050000000000001,
            "count": 1
        },
        "PadBehavior.IsTraining.mean": {
            "value": 1.0,
            "min": 1.0,
            "max": 1.0,
            "count": 1
        },
        "PadBehavior.IsTraining.sum": {
            "value": 1.0,
            "min": 1.0,
            "max": 1.0,
            "count": 1
        }
    },
    "metadata": {
        "timer_format_version": "0.1.0",
        "start_time_seconds": "1763941022",
        "python_version": "3.10.11 (tags/v3.10.11:7d4cc5a, Apr  5 2023, 00:38:17) [MSC v.1929 64 bit (AMD64)]",
        "command_line_arguments": "C:\\Users\\jaimi\\AppData\\Local\\Programs\\Python\\Python310\\Scripts\\mlagents-learn Pad.yaml --run-id=Pad04",
        "mlagents_version": "1.1.0",
        "mlagents_envs_version": "1.1.0",
        "communication_protocol_version": "1.5.0",
        "pytorch_version": "2.10.0.dev20251122+cu128",
        "numpy_version": "1.23.5",
        "end_time_seconds": "1763941173"
    },
    "total": 151.09989180000048,
    "count": 1,
    "self": 0.004472899996471824,
    "children": {
        "run_training.setup": {
            "total": 0.05980890000137151,
            "count": 1,
            "self": 0.05980890000137151
        },
        "TrainerController.start_learning": {
            "total": 151.03561000000263,
            "count": 1,
            "self": 0.07149620029667858,
            "children": {
                "TrainerController._reset_env": {
                    "total": 16.159039900001517,
                    "count": 1,
                    "self": 16.159039900001517
                },
                "TrainerController.advance": {
                    "total": 134.7818544997026,
                    "count": 5905,
                    "self": 0.06313079971005209,
                    "children": {
                        "env_step": {
                            "total": 107.67485129987108,
                            "count": 5905,
                            "self": 98.38117240001156,
                            "children": {
                                "SubprocessEnvManager._take_step": {
                                    "total": 9.249173199976212,
                                    "count": 5905,
                                    "self": 0.19852009985697805,
                                    "children": {
                                        "TorchPolicy.evaluate": {
                                            "total": 9.050653100119234,
                                            "count": 5761,
                                            "self": 9.050653100119234
                                        }
                                    }
                                },
                                "workers": {
                                    "total": 0.04450569988330244,
                                    "count": 5904,
                                    "self": 0.0,
                                    "children": {
                                        "worker_root": {
                                            "total": 73.21328650014402,
                                            "count": 5904,
                                            "is_parallel": true,
                                            "self": 40.86313570015045,
                                            "children": {
                                                "steps_from_proto": {
                                                    "total": 0.00018679999993764795,
                                                    "count": 1,
                                                    "is_parallel": true,