{
    "name": "root",
    "metadata": {
        "timer_format_version": "0.1.0",
        "start_time_seconds": "1763940209",
        "python_version": "3.10.11 (tags/v3.10.11:7d4cc5a, Apr  5 2023, 00:38:17) [MSC v.1929 64 bit (AMD64)]",
        "command_line_arguments": "C:\\Users\\jaimi\\AppData\\Local\\Programs\\Python\\Python310\\Scripts\\mlagents-learn Pad.yaml --run-id=Pads02",
        "mlagents_version": "1.1.0",
        "mlagents_envs_version": "1.1.0",
        "communication_protocol_version": "1.5.0",
        "pytorch_version": "2.10.0.dev20251122+cu128",
        "numpy_version": "1.23.5",
        "end_time_seconds": "1763940311"
    },
    "total": 101.76662209999995,
    "count": 1,
    "self": 0.004254899999068584,
    "children": {
        "run_training.setup": {
            "total": 0.06333330000052229,
            "count": 1,
            "self": 0.06333330000052229
        },
        "TrainerController.start_learning": {
            "total": 101.69903390000036,
            "count": 1,
            "self": 0.015230899989546742,
            "children": {
                "TrainerController._reset_env": {
                    "total": 15.659663999998884,
                    "count": 1,
                    "self": 15.659663999998884
                },
                "TrainerController.advance": {
                    "total": 86.00347140001031,
                    "count": 1197,
                    "self": 0.013471800015395274,
                    "children": {
                        "env_step": {
                            "total": 80.60681730002398,
                            "count": 1197,
                            "self": 78.52722799985713,
                            "children": {
                                "SubprocessEnvManager._take_step": {
                                    "total": 2.0701688000444847,
                                    "count": 1197,
                                    "self": 0.044655499994405545,
                                    "children": {
                                        "TorchPolicy.evaluate": {
                                            "total": 2.025513300050079,
                                            "count": 1197,
                                            "self": 2.025513300050079
                                        }
                                    }
                                },
                                "workers": {
                                    "total": 0.009420500122359954,
                                    "count": 1196,
                                    "self": 0.0,
                                    "children": {
                                        "worker_root": {
                                            "total": 24.37359860000288,
                                            "count": 1196,
                                            "is_parallel": true,
                                            "self": 9.270559200005664,
                                            "children": {
                                                "steps_from_proto": {
                                                    "total": 0.00032080000164569356,
                                                    "count": 1,
                                                    "is_parallel": true,
                                                    "self": 0.000136500002554385,
                                                    "children": {
                                                        "_process_rank_one_or_two_observation": {
                                                            "total": 0.00018429999909130856,
                                                            "count": 2,
                                                            "is_parallel": true,
                                                            "self": 0.00018429999909130856
                                                        }
                                                    }
                                                },
                                                "UnityEnvironment.step": {
                                                    "total": 15.102718599995569,
                                                    "count": 1196,
                                                    "is_parallel": true,
                                                    "self": 0.06383430001005763,
                                                    "children": {
                                                        "UnityEnvironment._generate_step_input": {
                                                            "total": 0.07100619994162116,
                                                            "count": 1196,
                                                            "is_parallel": true,
                                                            "self": 0.07100619994162116
                                                        },
                                                        "communicator.exchange": {
                                                            "total": 14.818493599992507,
                                                            "count": 1196,
                                                            "is_parallel": true,
                                                            "self": 14.818493599992507
                                                        },
                                                        "steps_from_proto": {
                                                            "total": 0.14938450005138293,
                                                            "count": 1196,
                                                            "is_parallel": true,
                                                            "self": 0.07487070015486097,
                                                            "children": {
                                                                "_process_rank_one_or_two_observation": {
                                                                    "total": 0.07451379989652196,
                                                                    "count": 2392,
                                                                    "is_parallel": true,
                                                                    "self": 0.07451379989652196
                                                                }
                                                            }
                                                        }
                                                    }
                                                }
                                            }
                                        }
                                    }
                                }
                            }
                        },
                        "trainer_advance": {
                            "total": 5.38318229997094,
                            "count": 1196,
                            "self": 0.020152599980065133,
                            "children": {
                                "process_trajectory": {
                                    "total": 0.11711569999533822,
                                    "count": 1196,
                                    "self": 0.11711569999533822
                                },
                                "_update_policy": {
                                    "total": 5.245913999995537,
                                    "count": 18,
                                    "self": 0.18896939989281236,
                                    "children": {
                                        "TorchPPOOptimizer.update": {
                                            "total": 5.0569446001027245,
                                            "count": 648,