{
    "name": "root",
    "gauges": {
        "PadBehavior.Policy.Entropy.mean": {
            "value": 1.4146246910095215,
            "min": 1.4146246910095215,
            "max": 1.417057752609253,
            "count": 2
        },
        "PadBehavior.Policy.Entropy.sum": {
            "value": 14225.4658203125,
            "min": 14184.748046875,
            "max": 14225.4658203125,
            "count": 2
        },
        "PadBehavior.Environment.EpisodeLength.mean": {
            "value": 25.269129287598943,
            "min": 20.008403361344538,
            "max": 25.269129287598943,
            "count": 2
        },
        "PadBehavior.Environment.EpisodeLength.sum": {
            "value": 9577.0,
            "min": 9524.0,
            "max": 9577.0,
            "count": 2
        },
        "PadBehavior.Step.mean": {
            "value": 19956.0,
            "min": 9995.0,
            "max": 19956.0,
            "count": 2
        },
        "PadBehavior.Step.sum": {
            "value": 19956.0,
            "min": 9995.0,
            "max": 19956.0,
            "count": 2
        },
        "PadBehavior.Policy.ExtrinsicValueEstimate.mean": {
            "value": 0.11708542704582214,
            "min": -0.02000274509191513,
            "max": 0.11708542704582214,
            "count": 2
        },
        "PadBehavior.Policy.ExtrinsicValueEstimate.sum": {
            "value": 47.302513122558594,
            "min": -9.841350555419922,
            "max": 47.302513122558594,
            "count": 2
        },
        "PadBehavior.Environment.CumulativeReward.mean": {
            "value": 0.08894737594221767,
            "min": 0.05473684790887331,
            "max": 0.08894737594221767,
            "count": 2
        },
        "PadBehavior.Environment.CumulativeReward.sum": {
            "value": 33.80000285804272,
            "min": 26.00000275671482,
            "max": 33.80000285804272,
            "count": 2
        },
        "PadBehavior.Policy.ExtrinsicReward.mean": {
            "value": 0.08894737594221767,
            "min": 0.05473684790887331,
            "max": 0.08894737594221767,
            "count": 2
        },
        "PadBehavior.Policy.ExtrinsicReward.sum": {
            "value": 33.80000285804272,
            "min": 26.00000275671482,
            "max": 33.80000285804272,
            "count": 2
        },
        "PadBehavior.Losses.PolicyLoss.mean": {
            "value": 0.2393726586569879,
            "min": 0.2393726586569879,
            "max": 0.2462407501433547,
            "count": 2
        },
        "PadBehavior.Losses.PolicyLoss.sum": {
            "value": 20.107303327186983,
            "min": 20.107303327186983,
            "max": 20.684223012041794,
            "count": 2
        },
        "PadBehavior.Losses.ValueLoss.mean": {
            "value": 0.5368659189412265,
            "min": 0.491351384698967,
            "max": 0.5368659189412265,
            "count": 2
        },
        "PadBehavior.Losses.ValueLoss.sum": {
            "value": 45.09673719106302,
            "min": 41.27351631471323,
            "max": 45.09673719106302,
            "count": 2
        },
        "PadBehavior.Policy.LearningRate.mean": {
            "value": 7.582989615196429e-05,
            "min": 7.582989615196429e-05,
            "max": 0.0002250927035405357,
            "count": 2
        },
        "PadBehavior.Policy.LearningRate.sum": {
            "value": 0.006369711276765001,
            "min": 0.006369711276765001,
            "max": 0.018907787097405,
            "count": 2
        },
        "PadBehavior.Policy.Epsilon.mean": {
            "value": 0.12527660714285713,
            "min": 0.12527660714285713,
            "max": 0.17503089285714285,
            "count": 2
        },
        "PadBehavior.Policy.Epsilon.sum": {
            "value": 10.523235,
            "min": 10.523235,
            "max": 14.702595,
            "count": 2
        },
        "PadBehavior.Policy.Beta.mean": {
            "value": 0.0005000000000000001,
            "min": 0.0005000000000000001,
            "max": 0.0005000000000000001,
            "count": 2
        },
        "PadBehavior.Policy.Beta.sum": {
            "value": 0.04200000000000001,
            "min": 0.04200000000000001,
            "max": 0.04200000000000001,
            "count": 2
        },
        "PadBehavior.IsTraining.mean": {
            "value": 1.0,
            "min": 1.0,
            "max": 1.0,
            "count": 2
        },
        "PadBehavior.IsTraining.sum": {
            "value": 1.0,
            "min": 1.0,
            "max": 1.0,
            "count": 2
        }
    },
    "metadata": {
        "timer_format_version": "0.1.0",
        "start_time_seconds": "1763951282",
        "python_version": "3.10.11 (tags/v3.10.11:7d4cc5a, Apr  5 2023, 00:38:17) [MSC v.1929 64 bit (AMD64)]",
        "command_line_arguments": "C:\\Users\\jaimi\\AppData\\Local\\Programs\\Python\\Python310\\Scripts\\mlagents-learn Pad.yaml --run-id=Pad17",
        "mlagents_version": "1.1.0",
        "mlagents_envs_version": "1.1.0",
        "communication_protocol_version": "1.5.0",
        "pytorch_version": "2.9.1+cu128",
        "numpy_version": "1.23.5",
        "end_time_seconds": "1763951380"
    },
    "total": 97.66028010000082,
    "count": 1,
    "self": 0.0049987999991572,
    "children": {
        "run_training.setup": {
            "total": 0.06229019999955199,
            "count": 1,
            "self": 0.06229019999955199
        },
        "TrainerController.start_learning": {
            "total": 97.59299110000211,
            "count": 1,
            "self": 0.10393660009503947,
            "children": {
                "TrainerController._reset_env": {
                    "total": 9.354760999998689,
                    "count": 1,
                    "self": 9.354760999998689
                },
                "TrainerController.advance": {
                    "total": 87.79080519990748,
                    "count": 10719,
                    "self": 0.09935610006868956,
                    "children": {
                        "env_step": {
                            "total": 39.9648837001223,
                            "count": 10719,
                            "self": 24.565297600085614,
                            "children": {
                                "SubprocessEnvManager._take_step": {
                                    "total": 15.332147599809105,
                                    "count": 10719,
                                    "self": 0.3045142999035306,
                                    "children": {
                                        "TorchPolicy.evaluate": {
                                            "total": 15.027633299905574,
                                            "count": 10033,
                                            "self": 15.027633299905574
                                        }
                                    }
                                },
                                "workers": {
                                    "total": 0.06743850022758124,
                                    "count": 10719,
                                    "self": 0.0,
                                    "children": {
                                        "worker_root": {
                                            "total": 88.81164969999736,
                                            "count": 10719,
                                            "is_parallel": true,
                                            "self": 69.70988199985368,
                                            "children": {
                                                "steps_from_proto": {
                                                    "total": 0.00021330000163288787,
                                                    "count": 1,
                                                    "is_parallel": true,